,Principal,Interest,Annuity,Loan Value
0,0.0,0.0,3304.057142705998,18000.0
1,2794.657142705998,509.4,3304.057142705998,15205.342857294003
2,2873.745939844578,430.31120286142027,3304.057142705998,12331.596917449424
3,2955.0729499421795,348.98419276381867,3304.057142705998,9376.523967507244
4,3038.701514425543,265.355628280455,3304.057142705998,6337.8224530817015
5,3124.696767283786,179.36037542221214,3304.057142705998,3213.1256857979156
6,3213.125685797917,90.931456908081,3304.057142705998,-1.3642420526593924e-12
